Age,Gender,,,,,
22,Male,,,,,
43,Male,,,,,
24,Male,,,,,
23,Male,,,,,
23,Male,,,,,
25,Female,,,,,
24,Male,,,,,
26,Male,,,,,
24,Female,,,,,
75,Male,,,,,
67,Male,,,,,
48,Male,,,,,
80,Male,,,,,
83,Male,,,,,
42,Male,,,,,
77,Male,,,,,
24,Male,,,,,
24,Male,,,,,
23,Female,,,,,
26,Male,,,,,
22,Female,,,,,
44,Female,,,,,
24,Male,,,,,
58,Male,,,,,
30,Male,,,,,
32,Male,,,,,
26,Male,,,,,
28,Female,,,,,
35,Female,,,,,
26,Male,,,,,
29,Male,,,,,
30,Male,,,,,
33,Male,,,,,
30,Female,,,,,
35,Male,,,,,
35,Male,,,,,
35,Male,,,,,
30,Male,,,,,
40,Male,,,,,
40,Male,,,,,
42,Male,,,,,
29,Male,,,,,
28,Male,,,,,
30,Male,,,,,
33,Male,,,,,
35,Male,,,,,
30,Female,,,,,
40,Male,,,,,
40,Male,,,,,
40,Male,,,,,
32,Female,,,,,
28,Female,,,,,
30,Male,,,,,
27,Male,,,,,
42,Male,,,,,
30,Male,,,,,
30,Male,,,,,
25,Male,,,,,
39,Male,,,,,
26,Male,,,,,
29,Male,,,,,
42,Male,,,,,
32,Male,,,,,
33,Male,,,,,
36,Male,,,,,
35,Male,,,,,
26,Male,,,,,
33,Male,,,,,
29,Female,,,,,
34,Male,,,,,
42,Female,,,,,
30,Male,,,,,
35,Male,,,,,
35,Male,,,,,
45,Male,,,,,
60,Male,,,,,
49,Male,,,,,
30,Male,,,,,
30,Male,,,,,
33,Male,,,,,
33,Female,,,,,
30,Male,,,,,
30,Male,,,,,
35,Male,,,,,
28,Male,,,,,
26,Male,,,,,
33,Male,,,,,
30,Male,,,,,
33,Male,,,,,
30,Female,,,,,
32,Male,,,,,
49,Female,,,,,
30,Male,,,,,
50,Female,,,,,
30,Male,,,,,
56,Male,,,,,
37,Male,,,,,
45,Male,,,,,
25,Male,,,,,
45,Male,,,,,
25,Male,,,,,